Maintainer:
Joseph Method <tristil@gmail.com>

Contributors:
Alexander McCormmach <alexander@tunicate.org>
Aymeric Nys <aymeric@nnx.com>
Cathal Mc Ginley <cathal.alexandria@gnostai.org>
Claudio Belotti <bel8@lilik.it>
Constantine Evans <cevans@costinet.org>
Dafydd Harries <daf@muse.19inch.net>
Javier Fernandez-Sanguino Pena <jfs@debian.org>
Kevin Schultz <schultkl@ieee.org>
Laurent Sansonetti <lrz@gnome.org>
Marco Costantini <costanti@science.unitn.it>
Mathieu Leduc-Hamel <arrak@arrak.org>
Owain Evans <o.evans@gmail.com>
Pascal Terjan <pterjan@linuxfr.org>
Rene Samselnig <sandman@sdm-net.org>
Robby Stephenson <robby@periapsis.org>
Sun Ning <classicning@gmail.com>
Takayuki Kusano <AE5T-KSN@asahi-net.or.jp>
Timothy Malone <timothy.malone@gmail.com>
Zachary P. Landau <kapheine@hypa.net>

Documentors:
Cathal Mc Ginley <cathal.alexandria@gnostai.org>
Liam Davison <registrations@liamjdavison.info>

Artists:
Andreas Nilsson <nisses.mail@home.se>
Stefanie Dijoux <stefanie.dijoux@gmail.com>

Translators:
Adrián Chaves Fernández <adriyetichaves@gmail.com> (gl)
Cathal Mc Ginley <cathal.alexandria@gnostai.org> (ga)
CHIKAMA Masaki <masaki.chikama@gmail.com> (ja)
Dafydd Harries <daf@muse.19inch.net> (cy)
Damjan Dimitrioski <damjandimitrioski@gmail.com> (mk)
Giacomo Margarito <giacomomargarito@gmail.com> (it)
Jack Myrseh <jack@enkom.no> (nb)
Joachim Breitner <mail@joachim-breitner.de> (de)
José Ling <jlgdot369@gmail.com> (zh_TW)
Lennart Karssen <lennart@karssen.org> (nl)
Lígia Moreira <ligia.moreira@netvisao.pt> (fr, pt, pt_BR)
Martin Karlsson <martinkarlsson81@hotmail.com> (sv)
Michael Kotsarinis <mkotsari1@pre.forthnet.gr> (el)
Miguel Ángel García <magmax@ieee.org> (es)
Peter Kováč <kovac.peter@fotopriestor.sk> (sk)
Petr Vanek <vanous@penguin.cz> (cs)
Piotr Drąg <piotrdrag@gmail.com> (pl)
Serhij Dubyk <dubyk@library.lviv.ua> (uk)

Former translators:
David Weinehall <tao@debian.org> (sv)
Jiří Pejchal <jiri.pejchal@gmail.com> (cs)
Laurent Sansonetti <lrz@gnome.org> (fr)
Lucas Rocha <lucasr@im.ufba.br> (pt_BR)
Marco Costantini <costanti@science.unitn.it> (it)
Masao Mutoh <mutoh@highway.ne.jp> (ja)
Mirko Maischberger <mirko@lilik.it> (it)
